text,category
"New artificial intelligence breakthrough enables faster machine learning algorithms",Technology
"Championship basketball game draws record crowd at Madison Square Garden",Sports
"Congressional hearing examines new healthcare legislation proposals",Politics
"Blockbuster movie sequel breaks opening weekend box office records",Entertainment
"Startup company receives fifty million dollar investment from venture capital firm",Business
"Medical researchers develop innovative cancer treatment using gene therapy",Health
"Software engineers release open source framework for web development",Technology
"Olympic swimmer sets new world record in freestyle competition",Sports
"Election campaign focuses on economic recovery and job creation",Politics
"Popular streaming series announces final season premiere date",Entertainment
"Global corporation reports quarterly earnings exceeding analyst expectations",Business
"Clinical trial shows promising results for Alzheimer's disease medication",Health
"Cloud computing platform launches advanced security features for enterprises",Technology
"Professional tennis tournament showcases rising stars from around the world",Sports
"Diplomatic summit addresses international trade agreement negotiations",Politics
"Music festival lineup features Grammy-winning artists and emerging talents",Entertainment
"Manufacturing company expands operations to three new international markets",Business
"Public health officials recommend updated vaccination guidelines for children",Health
"Smartphone manufacturer unveils latest device with improved camera technology",Technology
"Baseball season begins with exciting matchups between rival teams",Sports
"Supreme Court decision impacts voting rights legislation across states",Politics
"Film festival celebrates independent cinema with diverse storytelling",Entertainment
"Retail chain announces store closures due to changing consumer habits",Business
"Nutrition study reveals benefits of Mediterranean diet for heart health",Health
"Cybersecurity firm detects sophisticated ransomware targeting financial institutions",Technology
"Football playoffs generate excitement as underdogs advance to finals",Sports
"Senate committee debates infrastructure spending bill provisions",Politics
"Celebrity chef opens new restaurant featuring sustainable cuisine",Entertainment
"Tech company stock prices surge following successful product launch",Business
"Fitness research demonstrates effectiveness of high-intensity interval training",Health
"Virtual reality gaming platform introduces immersive educational experiences",Technology
"Hockey team celebrates championship victory with hometown parade",Sports
"Local government implements new environmental protection policies",Politics
"Broadway musical wins multiple Tony Awards for outstanding performances",Entertainment
"Merger between two major airlines creates industry consolidation",Business
"Breakthrough medical device helps diabetics monitor blood sugar levels",Health