text,sentiment
"I absolutely love this product! It exceeded all my expectations.",positive
"This is the worst purchase I've ever made. Complete waste of money.",negative
"Amazing quality and fast shipping. Highly recommend!",positive
"Terrible customer service. Very disappointed with the experience.",negative
"Outstanding performance and great value for the price.",positive
"Poor quality materials that broke after just one use.",negative
"Excellent product with beautiful design and functionality.",positive
"This item arrived damaged and the company refused to help.",negative
"Perfect for my needs and works exactly as described.",positive
"Overpriced and doesn't deliver what it promises.",negative
"Great customer support team helped resolve my issue quickly.",positive
"Awful experience from start to finish. Would not recommend.",negative
"High quality construction and attention to detail.",positive
"Completely useless product that doesn't work properly.",negative
"Fantastic features and easy to use interface.",positive
"Very poor build quality and unreliable performance.",negative
"Impressive results and exceeded my expectations completely.",positive
"Major design flaws make this product unusable.",negative
"Wonderful experience with excellent customer service.",positive
"Disappointing quality and misleading product description.",negative
"Best purchase I've made in years. Absolutely perfect!",positive
"Cheap materials and shoddy workmanship throughout.",negative
"Reliable performance and great durability over time.",positive
"Frustrating issues and poor technical support response.",negative
"Innovative design with thoughtful user experience.",positive
"Defective product with multiple operational problems.",negative
"Exceptional value and superior quality compared to competitors.",positive
"Extremely dissatisfied with both product and service.",negative
"Smooth operation and intuitive controls make it easy to use.",positive
"Confusing interface and frequent technical difficulties.",negative